withdrawaladdress,totalaccumulated_eth
0x67C1A3e1Ce35c31Cd4fC27F987821b48cA928d57,36.527257226830614944
0x4731486c6448cb9b27f3f500412bbef67b7c8bf8,19.607328506115933409
0xcfe058a75895e6c036cee21a401ecd346b12ea23,11.298391121751672226
0xe0d7522d63e205c96ee8829f7b4167566567bc24,9.808531087919803335
0x917fc5cc9a99a4950225f3791191ab0164610b87,7.145248279202490721
0x4c3a043b86a5952a75b29a91f0f582e239a53044,4.520885451326835766
0x33f0d38f5dbf7837ae5f8a4888a376dd94c8cd5f,4.448465597885076669
0xc3e925b3614e9714b75a67801edbe4603a54bd3e,4.182661903807172967
0xbf53b3da7ad55e9704c6f30bdfb944105d42733f,3.378676331218959428
0xde61aac9d4b07a9da4355813bebf54fe19f78800,3.288301606307570596
0xb93a7bb97d6a9deb3ceb44a07ee2d04a7e13b8ff,2.857537511343725049
0xbed932dca2e8160c791c47beea2e288637e0bba8,2.811876805488522556
0xb64e2d92b22d6f3ce8346a8e4b2ebe896ac65dad,2.439305513360894431
0x442dec59ed911f4b944b1c405f6566b8daab44af,2.383995473674647256
0x38686df0db4a5bf296daea6a2a147ce85fea1217,2.318456274598187272
0x54e3110c567ffba372e705dee13e03bf5ffd66e8,2.278885136734824859
0xa91634c1c5b1bab9ca7e09a3d68d7fb8e1186425,2.258413199796110335
0x41339dfa703e39c8fe7fdc5a82cf8e1350b53739,2.233866657955832307
0x27bcdbfec9493730cd1ceb24bec696b0bdc06e3f,2.146123131367733728
0x2148625885f0b62bd64ebce15acd34e82d575e66,2.049440956952939002
0xa4103e2de4ab7ba7a335f5fbda44f11fe4aa92c3,1.702476208226256829
0x6b7c2c5e83fb49173c7f98e79a25fd6efe84ea66,1.615418224292020071
0xfbc55edfbb4f9e1eddecb3c4fc515078096174a3,1.598440289514194591
0x1d15a60073b81e658e40bcc500be409d581927d7,1.518067364595605957
0x233d326d1262f85ba075a5feae6ae9caf42c4cfc,1.502728633311163743
0x00e3ef121b19f47de8293f181f2ec50260982aad,1.277201246541546164
0xc5aca2a9fd3486232084314959ebf583cadeed05,1.248558128851973371
0xc9784e18fb1296f5b5bbb4776cb2cf2ece6e5a20,1.121515044929759608
0xf3329318e02fede4d0eec205216fbdbe2520e7fc,0.905836090564378190
0x0c46c148ad7406c24a944b09099fd5316d28198e,0.829905396408609103
0x476bd6319198be0bd3893305a4a348975ab285f2,0.778762407115992994
0x2f191e142c20f418d2676210bcc321ea1caeb2a5,0.701572401920409244
0xbf91ca6aeae7f659d0c27073f785ab0c4d042658,0.695162693994840567
0x183ce7a8d3f7b92037d922ab05228283a2a0d0ac,0.678229233084862275
0xca6b1df43188ff9199be2f64cd6e4face6d7747b,0.656652937292869094
0x081ea40e753cd6c8cb2b03d52798999691b85299,0.653181405562269667
0x2e197bc0ce0476d44081eacc2b43eb60fbf35ca5,0.644845855178832313
0x5d21ee69c587657ec1641bc6b6e329579950df1d,0.641177200114382107
0x667649402bdfa45cba37866af5d6783b70e92270,0.627226968926381458
0x10926a1d4fe979943c86f4c928b182770809765d,0.605815489276423550
0xe66a58f799b6f34d63d9cc2e5f4ce18d02728b5f,0.558254845958249474
0x06c2c4db3776d500636de63e4f109386dcba6ae2,0.554700391447220836
0x2ba193ba1f7a66d1316f51828b711a37134aed45,0.551629135127003601
0xea51ba9b2f12948e6bafdf68f8c99a0bd0c4dbde,0.525170784255469005
0x130ca9ab5eab1fc50f8f5d6cd33a59afdf93411b,0.511966858980095986
0x9dc59745931d8cdf6a33acfa3abb6fbafb603115,0.506070466379322461
0xb8147de60e2ce0de2f9887d5856d59e1f7ae29c2,0.491492558259407997
0xe587f426d7b50b7a458f04fa99c817b4865cafd8,0.458344895786050612
0xdd7b216f2360cd9a30805a27e1a7c96ec1934b78,0.451398026159332962
0x7cd1c43d541b162a7746864d03afc92a8e5561b7,0.441072036071749154
0xae629b978581c5af0305e148a72881114498b44e,0.437677480934324545
0xccde6d870b06aaa8682477128033f1f136d5eb6b,0.420084102934898767
0xc3601050d2ac2f2a18e3fb0f24ef6cad58243866,0.395216298105468557
0x34b8fe26a47df848e7973590550fd4d7d0de4f01,0.377317782925702387
0x3bcd0fa1a5c3bd68be325cc52faf6fcb092b8839,0.373292667026490965
0xa4c90633047e27bc8334b8dbc57dd70e8ec9ed01,0.370881586284444669
0xe524d6514f5c6c91796d223c3310ce211bc749c0,0.369199706302812104
0x7d5caae6c57fbf3bed0e0911cd50b0ac17be6655,0.360727358085112938
0x6ee0e5226b0064f3cdc582b5f9c112899feff8d6,0.356501061225501293
0x95b3de813ae589ab5ce7210990cd856b2719d79e,0.355579061212241052
0xc1a61528a069ea7c67e04757dae1c8d4047b2dff,0.354414738362324954
0xe6f4fd1d3ef0d096b69bf46ecaf4d92f3f5a6fa9,0.333233963378239496
0xc15395f7487f94c70198473c2f1630c8c139d354,0.328991358324919356
0xc0c08c046fba70e65540e7c12f175a0ff5bdecd4,0.328373864986906689
0xb412f54c805386635817dd018f46f60d9a372e8d,0.325488661111655482
0x677525a6263a1dc4744741119ea5150c2bce15fc,0.320556368161863833
0xdc8233787c81659db945ab4ec856202af756344c,0.318533830732410806
0xf12ebfd41fc46a916709a0c5175d8a3c9cfeaad4,0.313935337736653227
0xc498cccf9b7a4cbf609318fb26efffe3288df6f4,0.310062456441969789
0xa5ca067fc96c60e264cf21e9f1f71fedcaaaa876,0.309900334008055965
0x899d6c2c4b9dd9e2b8807d3ee5e665ae9e747c9c,0.303336796932498233
0x8155a8b63368b7e1dbafa23236129aaa83c7dce8,0.302828597431333289
0x1a2ac7c672dd8a9c131e00cbac89412d1c718032,0.297762493292181084
0xb33b93f896342fb11bd9459f30cce52a55c923ae,0.295737470223227092
0xc23fdb28fd5312afb130a7146f898136d013442b,0.288901243713916469
0xad999c7ec97be966dbe3ecc2ef969527635f44f1,0.277338979425866685
0x1af711e706b693147c2b6bff82cb0422d9f56c95,0.277288860764499020
0xa39f9c96c33868c87f089f4ea365f5fb373a893a,0.273550502042862753
0x2ad46eea2b43389b4aba403012a4c77fab8250ba,0.272231482829139728
0x5c2c42c476608a141cf4880afd01096e10f2a2e7,0.267123463821693792
0xbde01d7a003184f1c8d42cc0e434d6d97d32d5f8,0.266195260935903766
0x4f86b85fda8a611fc87a7a1c7946217a5617bb66,0.265244795772320223
0x287ce88763df399d64939f303f339e82192a37d4,0.263303407716492801
0x3a481b7867384a73f45c27bf08bd84e5e66850c9,0.259872176823295158
0x091a3133ea59d19821f58c289199b635580aa63d,0.259405669784447429
0x511882edd8ab3db50939f06c28fa10778377d4b9,0.259209527375306796
0xa1df779a7f574066545491d2bc0ea5dc6f6e2b20,0.256491060792841338
0x71996343bad24e17fb5084e41a58b060e622badd,0.256439280298167474
0x0eb5985db084c2d8144c44b988873798bd7fa1cb,0.255291390022620340
0xff80562d2dc23e89194b868263de8e1987d34e72,0.252244095151459905
0xe588bb9719f049d312bcd91bc4acbf1314a8db71,0.248393024231102101
0x223d420769dd4b999a9d684151bac2100c471792,0.248148231175252589
0x1382a5b78fa79b504a95e93033a7c0d65fadcc7d,0.246987576308319628
0x30a5efb7d8a1e538655c3c9fccf5cbecaab4e0df,0.246907943212647086
0x6f36212aad5ffb626f09f1a32ade7c13b3cc389e,0.246024608835147615
0xf05640c09bf280b6481abd5a8075a6bdd08e5e13,0.245849709858580483
0x88f9b910f7b351d09475e06d0d48a7598fca5831,0.244979914475121676
0x829ebbdae564b0c898f79589579edcec8427dec2,0.244082756898587481
0x8c9fac9c90757efd1009e254d9930473415496d1,0.243397433326610778
0x47749f19a18b7bc6f7ef321d75e9bb4d748e81d8,0.241293714302654481
0x219628bbb88944c631b940b5f79d60a026e4a23b,0.238020971471863172
0x38c12c927af7c3be6dfbb4559198a8f61659ad5e,0.236377465651294043
0x32b1c5e0560b09e13501b575a9dc481fa04df7d5,0.233560199119952087
0xc29de0eb2c29ed0a2e9c5e3db8bb175a117ab3fd,0.229970506168803275
0xa674a2abd153ecbc681eff04a3333d80bd7ef0bf,0.227315326775383294
0xe53ec2ca386576688e211b07f0a7024e2b45163e,0.226901421768109759
0xa3e1ae2e67e4ec6f88bdc6d53c0b96e8388a2b96,0.226557397062474429
0x53a76d34dab912c3d1d555d80193421f9a6eaa48,0.223855382548848965
0xf154a06c5853f5015356f399199abeea33116a54,0.222411215662386197
0x3f978fee9c9af54257dd52b754ae5167d842a109,0.218203973580047107
0xcb26dfc9855ce5a69534eb8319271f11b7610f67,0.208795751304843651
0x7e951d0c68cbdf44f3b2391aab7addf7c05c9ebf,0.202304200889748518
0x4d971193212fc9b80c1af6bbcd3755ae6a084868,0.198731203595808745
0xf2b924b0688a81e1bff2ad09becde4413b10c402,0.198677450104250470
0x5963b0ea3fe4f330f6a6d45398835c563434e54c,0.198278241726973985
0x4a96ad63ea62c4b1d57f2404258bcd96110d5d54,0.197852242090060838
0x91a657bef1e3303feb2d3ebbb15ca730c12e6cc9,0.196852829356894411
0x531e787cc5fa4e55db052df89686785eb88602af,0.193745035597875370
0x0ab97e1c6e6537b847a6993221cca842f450d9d6,0.193364467778574611
0xe1b106ba915e197616d7a625f6478983cae3cec5,0.189124538040753166
0x828a9ec728a12c5758a7670e6adb8f0840904ae0,0.185142441863847011
0x528d50b58d49acc8116fc1f964f7b191cc96ec95,0.184366301983887726
0x9ab0800376fb680ce5da80577a14702cfcacb5ea,0.182827379725441754
0x9e23491728dbd68f37fa0a7eb6478a57786fb4b7,0.180817367525196746
0x22670481f1ac7a1994fa3d2cae5909ecc4728389,0.178929356456562863
0x873ae27b6faedde0d235f2e0b63db4d102889143,0.169492080630346442
0x263e607e517c5d92caeb70501fb349c3803de28f,0.166759344232593833
0xa3b8142b8e72a0045b69725be2d0259ab59d3cff,0.164771887399716710
0xbdc5c34624ddc55f47d2bac88f42d65362ca2ec3,0.164024283083666715
0xa85c3b2c4e7ae3fc7bc79ebe113b3cde60744f75,0.158012454788483435
0xe4f8288e2e7eaee5ac51dc8a8270715156544246,0.155713571303271622
0x3080fc98a410b21680910fc1aa018a9f61d28ceb,0.143838780460295652
0xb4cf2bf5275ec590044eb0af8ed2849c3be756e8,0.143653337100369179
0x80d63799b1e08a80f73fb7a83264b5c31600bf3a,0.143587662047663804
0x4dcfb2273f262891f2c09685f221b726a546a3bf,0.143257630484246851
0xc454186a402bf27ce662ccd6f264b6f9d7766411,0.140943788084993997
0xfadeb4b6f8545579d83ed786d0e5c02a1c2d905c,0.140060489234971060
0xecc348fff2829a78b4884433d86c25c9c4b8395c,0.137663625157504303
0x1772ef7c6e4a48228ba4038d27105f6869f224df,0.135467835030141046
0x3b64e65aea4e0c9cdc58d9adcc729a40a1088358,0.134413943583258643
0x835a32ce1232dbf202e39eb265b3abac80289517,0.134291677079798699
0x66a863d18762f9530d1169bd76fa15d7495483b8,0.134195763252622759
0xa28f152bbe3b1f7447b2f750eedcbb07425867e4,0.129511531217811370
0x513f6fdfb63a207d2a989cb7b01af20066760efb,0.129136760839337994
0xf64c8987ca4e8bbc3366107598085d938e813793,0.124079884549084890
0xaf5e7db640b8fd197263fc77beaa6f4ac08b3091,0.122682077987571281
0x5790f345c8b09778e622b3cdf13203920a8bcbf4,0.120694672179460874
0xc7bd74c153d61b363b924ba6e3a43dfb00a20987,0.119846096798159747
0x8ae080fea5ce0abd4eae6584c7b30728b34da176,0.117357038758976102
0xe48657858413b47c99da2fa025075d5ab0670a24,0.117275033468471477
0xa19042b1436911c96a0d0a998f34acf31fe68bf7,0.113950641203862740
0xe642b55d36baec8392c6ff03bd6e9ddd1f3b6fed,0.111639696812472565
0x1f7734ca56e45f579caa311135c12c47d5225fe9,0.110099365263805246
0xd5b15a3ca011d834eeb588dca8e6bccf0b146662,0.107242630869549728
0x8a9720c3b1624ed00ac18ab16f7e7dba7e0fa6e8,0.104769097617891870
0x5b7cb4ebc98c9d897b9d73c3d730dc48fc7119cc,0.100135745196781067
0xe5f868b182c77d680c814a91c931b423daf752ad,0.099200565232025372
0x19c539943d7b3eec8e80f15b68e68ad6245f24fb,0.098444102577077541
0x0871fcf538261f8b26fc42a5fa3ea3980b90e40c,0.097390249374799946
0xe97e03b03cf778c30bb7ee3c2670ce488693e6ae,0.096948349263320497
0x04353b161a088c39afbab51354fb25aef8e561de,0.096222712006507307
0x3c60631911e6a829a03898df2387dbd328e6b5e0,0.091140711788046456
0xe464fa71141555835cae1d3d4164d7abd2a903f6,0.090193034724832824
0x89da8993c2ff44a7a73a26fe5557f2ba2b74face,0.089047516113887073
0xc92b1d391ced58e14d36929c550510d6ada4c433,0.088007988624866168
0x1a08c0bf5cc0ccc88aa2ca49a1c71a5124b0a549,0.087302051456115762
0xe3559cd2856b56927fbc91fcea8c9fa38373a826,0.081224492742082782
0x6ef0451ed967a58477e6a04a497fc24143ffa4f9,0.079408423788404364
0x02611294bbda9fdf900782f85a831fe94c07ac15,0.075879494913399900
0xfcecfb04c26e15218763bcfe086cae757a393567,0.072798552478324587
0x195c19f3fea9ffe4ebe92fa7a58bb82814df9aaf,0.070465896718905956
0x5d1333481b0b627f0862f1c9d3ff5a538b6953fb,0.068277284414501115
0x31c2ea14173b3c1bb0391c80f7821644443099c4,0.063513574576130596
0x50bd01a5b83cbead5d1217c97f91ff0e67b947ed,0.062958767932103354
0x88500124710c75654d4af570259fa129273e35a5,0.060507472117250580
0xb8801101eed80511c6bd3e5e3ad91d734595cb5a,0.059918311315431833
0x2c5c6e381b8270454baeac9a7954e3cbdb3dd197,0.059094294557420752
0xd6232d8efa278ab9b836f9914e65f3bc7a79685c,0.053821970200641869
0x30eb6b8a0bc4b0d2553acf5d738070a9474e8cea,0.046072362252071691
0xe9ae8a4162826d53141dc4c68fb646b86e3198be,0.045978998375420482
0x18f246e07ae4080bfbc77f4b9f0170aa52f84719,0.044120794051622264
0xddaaf031ee9908c1f03886747b6fa84a8c4350b3,0.039316991159410918
0x0fb362396a579f9fa86e0a67d29265ede154ee1a,0.038093919142593276
0x7b976c1c834bb6a9d0bb4223cec907a59a98e3a8,0.036989656443242341
0x94bf72480c98057e9404f540d7ede5d23ff4cab3,0.036167588106980500
0xd0dbada3e54b2a1d1281f325b1a1fae3b2cf9306,0.035599933669789177
0x41a843d8604347a6053615cfe12c0da6171fb03a,0.035250603144123566
0x477883be1f5c843d6074fc20a90f6aec260e292e,0.035117825277487513
0xb043a5e4a412003eb75c172360cb4d517c17ad7d,0.031192492654445996
0x452cf4a35b0b5f45985586d122bf6b5f7c17264e,0.030425816107450199
0x620085b4100ec1cc540462ac82352f60edf3a952,0.029185543943695135
0x580febb7d23758ed5e08bcb1c6f2daa8e2b0f52e,0.028197707499521587
0xfa90726f0ed6186404d9f1ba88f86bcfbbd9dcdf,0.027611112224336186
0x6d16d74d0f6afe567b84a546cd2ef78076ce27e6,0.027274115325074330
0xcb02f935bf2a281f4b8075a985351fa30d4cb499,0.026673949263235845
0x7abdd1d97aa0f623cbdf96e5a801277774877abe,0.026542304585061236
0x022ecf978503692ada50781962c993e57e8176bb,0.026235660471561172
0x985a34526af6934c52975a6f95cb2026827ee167,0.023581212109518426
0x241b38d175d6b441f3bfeb0b1bdee6a478c43aef,0.022528008441089580
0xe18cb4226fd51656392fe6842a60a34fa6a13f04,0.019061184001481768
0x31ffbe2895abd80256f46c3116da425c1cc92d8b,0.018978286470090740
0x6fa97b29f5cbd537a42b13a0c39e03959d63fda1,0.010612727643956890
0xe2f66156b9bbb7b22f8f34e588d3ae48e690cb86,0.006773733720546748
0x416ac11578d73d98d5d3b511cf27a57cd8a23340,0.005666903645946304
0x0dd1607e8c911e07f29f23bad8cd22b2a3df9785,0.000383860407179051
0xfe1fc91450528fdff882f330a3a34e2f0c909f21,0.000197783183710905
0x2cfc3fe6c747bfd91ff3f840c3a34f44339a0dff,0.000101308145732376
0x4eb8b2d0eb0ca08d61041936f8ea7bf4eada2cc9,0.000046518156883675
0xc3ecc65b42f145a6fb2e0e51744964252aaa4a5a,0.000023736975054536
0x188371526e253a3bf4c0f09afe7f957822aaf285,0.000017681452225148
0x87bfcc35688a69cf378137547e81752a6b0693a4,0.000015946700289560
0xee9f4dca84e98995977a01d8c6e17cb740f6c300,0.000015489376459880
0x0456959cb65942b388b80eb345b57a11def53f8b,0.000010166987417278
0xceb7215444192b40b37aebf6e36931e04a6e7012,0.000009483866316013
0x0aa6e1b4324c664b044bb6f26cc4de49ca8d3bba,0.000006349426373328
0x650b345f3a25d56deb2a939d8078370d7ef4080b,0.000004326388516312
0x07982d9ece6ff05d7eaf38f3431a330d2f4a5233,0.000000000000000000
0x2d981664dd74a0f84d2a4894cfb21924bed334a6,0.000000000000000000
0xc626ecc873d2d8dfe1d8f22bd9babcb81a3fad75,0.000000000000000000
0x0af018fb4b6c6b46ba6c44ecf3b6dc5600aec029,0.000000000000000000
0x7ca545ebc6153765330f37749e1c1a362f63f05e,0.000000000000000000
0xe7f2ac0089054b4a82567a1d6f7b133a1e752ecc,0.000000000000000000
0xc0b5cdeecb650cb21f53f832f1c7bb7232681bd1,0.000000000000000000
0xaa41c7a5b6579b1082c012d9d2397a233a65e034,0.000000000000000000
0xa8e1fe3e0dec2d7992fe1cdd68c77bfa2285ec11,0.000000000000000000
0x66471666ad5474c14ed35f1d8545d11b27e16dd2,0.000000000000000000
0x980b1288a56b3ee868b898c41f4483fb1e9a7fd6,0.000000000000000000
0xf9b3ef0b33ebfb4160d70c1b7a1d213a6847baf7,0.000000000000000000
0x16870974aa3ebf52a25708a5af967eddea388223,0.000000000000000000
0xfde1a5a60253b4c86400f75ba539df0c3271d9e9,0.000000000000000000
0x6e5ac7620c1c7bf580433412298b7f91c4fe6c7d,0.000000000000000000
0x319d216407f753de20641bd691b02c1d1287184a,0.000000000000000000
0xfbb3f6490a18103005ee544419001713f19ca058,0.000000000000000000
0xdeabf1cb2495830bd67a86402f65e582019f0029,0.000000000000000000
0x972c38a7773500278f4b9c215962b2ead8e323a0,0.000000000000000000
0xd655fbd1b076d5545fa5ee48b00d86ca8f25ed3f,0.000000000000000000
0x4930c3c573c78d858dad0b7a5892c91205d8c2b0,0.000000000000000000
0xfa2dcbb1d752f3f36e48f4d94cc469eeb9c03ab8,0.000000000000000000
0x29094aff13614088607b19673aa527fcf7f64c49,0.000000000000000000
0xc68f70aa82639091e5bed744d2b07169890482ab,0.000000000000000000
0x49128ad5db314cff7d8c5387770e88786a9295ca,0.000000000000000000
0x55b319ac6d04473a998a3def9f3d1d7c87d6a8be,0.000000000000000000
0xcf99e2d03375448318f93f4a94cef0038ea756ea,0.000000000000000000
0xff7bb1fe930dc6119e950776c1f49a8947abae1e,0.000000000000000000
0x4e542601ae28796170fc2115076ac28846ae8676,0.000000000000000000
0xb95ed61c6d6ee119b702e0578961a7eef5f371d7,0.000000000000000000
